{
  "data": [
    {
      "_id": "61810a96f94ed7881da838db",
      "title": "Copa America: Luis Suarez From Devastated US",
      "article": " The property, complete with 30-seat screening from room, a 100-seat amphitheater and a swimming pond with sandy shower",
      "action":"trending",
      "image": "entertainment-dark-1.jpg",
      "category": {
        "name": "Technology",
        "create_At": "March 27, 2020"
      }
    },
    {
      "_id": "61810a96ed484972a85cc109",
      "title": "Greene King Now Taking Bookings For…",
      "article": " The property, complete with 30-seat screening from room, a 100-seat amphitheater and a swimming pond with sandy shower",
      "action":"play",
      "image": "entertainment-dark-2.jpg",
      "category": {
        "name": "Technology",
        "create_At": "March 27, 2020"
      }
    },
    {
      "_id": "61810a9659b5fc229a8c1389",
      "title": "China Has Unleashed The Nationalist Genie. Beijing…",
      "article": " The property, complete with 30-seat screening from room, a 100-seat amphitheater and a swimming pond with sandy shower",
      "action":"trending",
      "image": "entertainment-dark-3.jpg",
      "category": {
        "name": "Technology",
        "create_At": "March 27, 2020"
      }
    },
    {
      "_id": "61810a9688b5023a5fb07812",
      "title": " Mbappe Said I Showed Off Too Much And…S",
      "article": "The property, complete with 30-seat screening from room, a 100-seat amphitheater and a swimming pond with sandy shower",
      "action":"play",
      "image": "entertainment-dark-4.jpg",
      "category": {
        "name": "Technology",
        "create_At": "March 27, 2020"
      }
    },
    {
      "_id": "61810a961523248bb75b0f33",
      "title": " Winston Churchill And The Union Jack… ",
      "article": "The property, complete with 30-seat screening from room, a 100-seat amphitheater and a swimming pond with sandy shower",
      "action":"trending",
      "image": "entertainment-dark-1.jpg",
      "category": {
        "name": "Technology",
        "create_At": "March 27, 2020"
      }
    },
     {
      "_id": "61810a9659b5fc229a8c1784389",
      "title": " Winston Churchill And The Union Jack… ",
      "article": " The property, complete with 30-seat screening from room, a 100-seat amphitheater and a swimming pond with sandy shower",
      "action":"trending",
      "image": "entertainment-dark-3.jpg",
      "category": {
        "name": "Technology",
        "create_At": "March 27, 2020"
      }
    },
    {
      "_id": "61810a96852238b5023a5fb07812",
      "title": "Copa America: Luis Suarez From Devastated US",
      "article": "The property, complete with 30-seat screening from room, a 100-seat amphitheater and a swimming pond with sandy shower",
      "action":"play",
      "image": "entertainment-dark-4.jpg",
      "category": {
        "name": "Technology",
        "create_At": "March 27, 2020"
      }
    },
    {
      "_id": "61810afafa961523248b6534623b75b0f33",
      "title": "Copa America: Luis Suarez From Devastated US",
      "article": "The property, complete with 30-seat screening from room, a 100-seat amphitheater and a swimming pond with sandy shower",
      "action":"trending",
      "image": "entertainment-dark-1.jpg",
      "category": {
        "name": "Technology",
        "create_At": "March 27, 2020"
      }
    },
         {
      "_id": "61810a9659fasfasb5fc229a8c1784389",
      "title": " Winston Churchill And The Union Jack… ",
      "article": " The property, complete with 30-seat screening from room, a 100-seat amphitheater and a swimming pond with sandy shower",
      "action":"trending",
      "image": "entertainment-dark-3.jpg",
      "category": {
        "name": "Technology",
        "create_At": "March 27, 2020"
      }
    },
    {
      "_id": "61810agag96852238bha5023a5fb07812",
      "title": "Boost Your Lockdown Privacy Without Breaking The Bank With",
      "article": "The property, complete with 30-seat screening from room, a 100-seat amphitheater and a swimming pond with sandy shower",
      "action":"play",
      "image": "entertainment-dark-4.jpg",
      "category": {
        "name": "Technology",
        "create_At": "March 27, 2020"
      }
    },
    {
      "_id": "61810a96fdhdbash1523248b6534623b75b0f33",
      "title": "Why It’S Easier To Succeed With Cricket Match",
      "article": "The property, complete with 30-seat screening from room, a 100-seat amphitheater and a swimming pond with sandy shower",
      "action":"trending",
      "image": "entertainment-dark-1.jpg",
      "category": {
        "name": "Technology",
        "create_At": "March 27, 2020"
      }
    },
      {
      "_id": "61810afafa961523248b6534623b75b0f33",
      "title": "Britney Spears’ Attorney Files Petition To…",
      "article": "The property, complete with 30-seat screening from room, a 100-seat amphitheater and a swimming pond with sandy shower",
      "action":"trending",
      "image": "entertainment-dark-1.jpg",
      "category": {
        "name": "Technology",
        "create_At": "March 27, 2020"
      }
    }
  ]
}
