{
  "data": [
    {
      "_id": "6180d03fa38650c02a1cd02d",
      "title": "Japan’s Virus Success Has Puzzled The World. Is Its Luck Running Out?",
      "picture": "item-1.jpg",
      "thumbnail":"gallery-post-2.jpg",
      "category": {
        "name": "Technology",
        "create_At": "March 27, 2020"
      },
      "description": "The property, complete with a 30-seat screening room, a 100-seat amphitheater and a swimming pond with sandy beach and outdoor shower.The property, complete with a 30-seat screening room, a 100-seat amphitheater and a swimming pond with sandy beach and outdoor shower"
    },
    {
      "_id": "6180d03fd629f43905824bd6",
      "title": "two Japan’s Virus Success Has Puzzled The World. Is Its Luck Running Out?",
      "thumbnail":"gallery-post.jpg",
      "picture": "item-2.jpg",
      "category": {
        "name": "Technology",
        "create_At": "March 27, 2020"
      },
      "description": "The property, complete with a 30-seat screening room, a 100-seat amphitheater and a swimming pond with sandy beach and outdoor shower.The property, complete with a 30-seat screening room, a 100-seat amphitheater and a swimming pond with sandy beach and outdoor shower"
    },
    {
      "_id": "6180d03f52b5934dd75b635c",
      "title": " three Japan’s Virus Success Has Puzzled The World. Is Its Luck Running Out?",
      "picture": "item-3.jpg",
      "thumbnail":"gallery-2.jpg",
      "category": {
        "name": "Technology",
        "create_At": "March 27, 2020"
      },
      "description": "The property, complete with a 30-seat screening room, a 100-seat amphitheater and a swimming pond with sandy beach and outdoor shower.The property, complete with a 30-seat screening room, a 100-seat amphitheater and a swimming pond with sandy beach and outdoor shower"
    },
    {
      "_id": "6180d03f199314d5c55a30d3",
      "title": "four Japan’s Virus Success Has Puzzled The World. Is Its Luck Running Out?",
      "thumbnail":"gallery-4.jpg",
      "picture": "item-4.jpg",
      "category": {
        "name": "Technology",
        "create_At": "March 27, 2020"
      },
      "description": "The property, complete with a 30-seat screening room, a 100-seat amphitheater and a swimming pond with sandy beach and outdoor shower.The property, complete with a 30-seat screening room, a 100-seat amphitheater and a swimming pond with sandy beach and outdoor shower"
    },
    {
      "_id": "6180d03f2bd1df2bd2a67d3f",
      "title": "five Japan’s Virus Success Has Puzzled The World. Is Its Luck Running Out?",
      "thumbnail":"gallery-3.jpg",
      "picture": "item-5.jpg",
      "category": {
        "name": "Technology",
        "create_At": "March 27, 2020"
      },
      "description": "The property, complete with a 30-seat screening room, a 100-seat amphitheater and a swimming pond with sandy beach and outdoor shower.The property, complete with a 30-seat screening room, a 100-seat amphitheater and a swimming pond with sandy beach and outdoor shower"
    },
    {
      "_id": "6180d03f8630284fb61e0156",
      "title": "six Japan’s Virus Success Has Puzzled The World. Is Its Luck Running Out?",
      "thumbnail":"gallery-1.jpg",
      "picture": "item-6.jpg",
      "category": {
        "name": "Technology",
        "create_At": "March 27, 2020"
      },
      "description": "The property, complete with a 30-seat screening room, a 100-seat amphitheater and a swimming pond with sandy beach and outdoor shower.The property, complete with a 30-seat screening room, a 100-seat amphitheater and a swimming pond with sandy beach and outdoor shower"
    },
    {
      "_id": "6180d03f0fbb7458b7c27a87",
      "title": " Use These Travel Credit Cards To Plan A Post-Pandemic Trip In 2021 With Family",
      "thumbnail":"gallery-5.jpg",
      "picture": "item-7.jpg",
      "category": {
        "name": "Technology",
        "create_At": "March 27, 2020"
      },
      "description": "The property, complete with a 30-seat screening room, a 100-seat amphitheater and a swimming pond with sandy beach and outdoor shower.The property, complete with a 30-seat screening room, a 100-seat amphitheater and a swimming pond with sandy beach and outdoor shower"
    },
     {
      "_id": "6180d03f863hbsdhs0284fb61e0156",
      "title": "Japan’s Virus Success Has Puzzled The World. Is Its Luck Running Out?",
      "thumbnail":"gallery-post-dark.jpg",
      "picture": "item-6.jpg",
      "category": {
        "name": "Technology",
        "create_At": "March 27, 2020"
      },
      "description": "The property, complete with a 30-seat screening room, a 100-seat amphitheater and a swimming pond with sandy beach and outdoor shower.The property, complete with a 30-seat screening room, a 100-seat amphitheater and a swimming pond with sandy beach and outdoor shower"
    },
     {
      "_id": "6180d03f153599314d5c55a30d3",
      "title": "Miley Cyrus, Seen Here With Co-Star…",
      "thumbnail":"gallery-2.jpg",
      "picture": "item-4.jpg",
      "category": {
        "name": "Technology",
        "create_At": "March 27, 2020"
      },
      "description": "The property, complete with a 30-seat screening room, a 100-seat amphitheater and a swimming pond with sandy beach and outdoor shower.The property, complete with a 30-seat screening room, a 100-seat amphitheater and a swimming pond with sandy beach and outdoor shower"
    },
    {
      "_id": "6180d03f52b59dafaf34dd75b635c",
      "title": "Japan’s Virus Success Has Puzzled The World. Is Its Luck Running Out?",
      "thumbnail":"gallery-post-2.jpg",
      "picture": "item-3.jpg",
      "category": {
        "name": "Technology",
        "create_At": "March 27, 2020"
      },
      "description": "The property, complete with a 30-seat screening room, a 100-seat amphitheater and a swimming pond with sandy beach and outdoor shower.The property, complete with a 30-seat screening room, a 100-seat amphitheater and a swimming pond with sandy beach and outdoor shower"
    }
  ]
}
