{
  "trending": [
    {
      "_id": "6188c26a46ef84f44b84aa37",
      "title": "As Young People Leave Lockdown, British",
      "article": "The property, complete with 30-seat screening from room, a 100-seat amphitheater and a swimming pond with sandy showe",
      "category": {
        "name": "TECHNOLOGY",
        "create_At": "March 26, 2020"
      },
      "image": "post-news-thumb-2.png"
    },
    {
      "_id": "6188c26a9cf49ec441028de9",
      "title": "Reese Witherspoon Takes To Instagram To",
      "article": "The property, complete with 30-seat screening from room, a 100-seat amphitheater and a swimming pond with sandy showe",
      "category": {
        "name": "TECHNOLOGY",
        "create_At": "March 26, 2020"
      },
      "image": "2.png"
    },
    {
      "_id": "6188c26a5391ef5b8c9b7d11",
      "title": "Supermarket Lockdown Rules For Tesco, Asda,",
      "article": "The property, complete with 30-seat screening from room, a 100-seat amphitheater and a swimming pond with sandy showe",
      "category": {
        "name": "TECHNOLOGY",
        "create_At": "March 26, 2020"
      },
      "image": "3.png"
    },
    {
      "_id": "6188c26a9548805d25815f1c",
      "title": "Watch Roberto Martinez Say It Would",
      "article": "The property, complete with 30-seat screening from room, a 100-seat amphitheater and a swimming pond with sandy showe",
      "category": {
        "name": "TECHNOLOGY",
        "create_At": "March 26, 2020"
      },
      "image": "4.png"
    },
    {
      "_id": "6188c26a51de67d40d0836b8",
      "title": "Best iphone 11 and 11 pro",
      "article": "The property, complete with 30-seat screening from room, a 100-seat amphitheater and a swimming pond with sandy showe",
      "category": {
        "name": "TECHNOLOGY",
        "create_At": "March 26, 2020"
      },
      "image": "5.png"
    },
    {
      "_id": "6188c26a09b5d6e4d6f86e6e",
      "title": "There May Be No Consoles In The Future Ea Exec Says",
      "article": "The property, complete with 30-seat screening from room, a 100-seat amphitheater and a swimming pond with sandy showe",
      "category": {
        "name": "TECHNOLOGY",
        "create_At": "March 26, 2020"
      },
      "image": "1.png"
    },
    {
      "_id": "6188c26a755eea274d67088d",
      "title": "There May Be No Consoles In The Future Ea Exec Says",
      "article": "The property, complete with 30-seat screening from room, a 100-seat amphitheater and a swimming pond with sandy showe",
      "category": {
        "name": "TECHNOLOGY",
        "create_At": "March 26, 2020"
      },
      "image": "2.png"
    },
    {
      "_id": "6188c26a601e99eb46f5e0b7",
      "title": "Best iphone 11 and 11 pros",
      "article": "The property, complete with 30-seat screening from room, a 100-seat amphitheater and a swimming pond with sandy showe",
      "category": {
        "name": "TECHNOLOGY",
        "create_At": "March 26, 2020"
      },
      "image": "3.png"
    }
  ],
  "features": [
    {
      "_id": "6188c26a46ef84f44b84aa37",
      "title": "When Can We Go On Vacation Again? This Is…",
      "article": "The property, complete with 30-seat screening from room, a 100-seat amphitheater and a swimming pond with sandy showe",
      "category": {
        "name": "TECHNOLOGY",
        "create_At": "March 26, 2020"
      },
      "image": "feature-news-1.jpg"
    },
    {
      "_id": "6188c26a9cf49ec441028de9",
      "title": "How Travelers Help To Protect The Outer Islands Of…",
      "article": "The property, complete with 30-seat screening from room, a 100-seat amphitheater and a swimming pond with sandy showe",
      "category": {
        "name": "TECHNOLOGY",
        "create_At": "March 26, 2020"
      },
      "image": "feature-news-2.jpg"
    },
    {
      "_id": "6188c26a5391ef5b8c9b7d11",
      "title": "Winston Churchill And The Union Jack Should Make Us Feel  ",
      "article": "The property, complete with 30-seat screening from room, a 100-seat amphitheater and a swimming pond with sandy showe",
      "category": {
        "name": "TECHNOLOGY",
        "create_At": "March 26, 2020"
      },
      "image": "feature-news-3.jpg"
    },
    {
      "_id": "6188c26a9548805d25815f1c",
      "title": "There May Be No Consoles In The Future Ea Exec Says",
      "article": "The property, complete with 30-seat screening from room, a 100-seat amphitheater and a swimming pond with sandy showe",
      "category": {
        "name": "TECHNOLOGY",
        "create_At": "March 26, 2020"
      },
      "image": "feature-news-1.jpg"
    },
    {
      "_id": "6188c26a51de67d40d0836b8",
      "title": "Teacher Suspended For Showing Prophet Muhammad Cartoon ‘Defends Free Speech. ",
      "article": "The property, complete with 30-seat screening from room, a 100-seat amphitheater and a swimming pond with sandy showe",
      "category": {
        "name": "TECHNOLOGY",
        "create_At": "March 26, 2020"
      },
      "image": "feature-news-2.jpg"
    },
    {
      "_id": "6188c26a09b5d6e4d6f86e6e",
      "title": " Teacher Suspended For Showing Prophet Muhammad Cartoon ‘Defends Free Speech.",
      "article": "The property, complete with 30-seat screening from room, a 100-seat amphitheater and a swimming pond with sandy showe",
      "category": {
        "name": "TECHNOLOGY",
        "create_At": "March 26, 2020"
      },
      "image": "feature-news-3.jpg"
    },
    {
      "_id": "6188c26a755eea274d67088d",
      "title": "There May Be No Consoles In The Future Ea Exec Says",
      "article": "The property, complete with 30-seat screening from room, a 100-seat amphitheater and a swimming pond with sandy showe",
      "category": {
        "name": "TECHNOLOGY",
        "create_At": "March 26, 2020"
      },
      "image": "feature-news-1.jpg"
    },
    {
      "_id": "6188c26a601e99eb46f5e0b7",
      "title": "Boris Johnson Tells Brits Lockdown Easing Will Go Ahead On",
      "article": "The property, complete with 30-seat screening from room, a 100-seat amphitheater and a swimming pond with sandy showe",
      "category": {
        "name": "TECHNOLOGY",
        "create_At": "March 26, 2020"
      },
      "image": "feature-news-2.jpg"
    }
  ],
  "buisness": [
    {
      "_id": "6188c26a46ef84f44b84aa37",
      "title": "The Purpose Is Share Strategies And Insights For Promoting A",
      "article": "The property, complete with 30-seat screening from room, a 100-seat amphitheater and a swimming pond with sandy showe",
      "category": {
        "name": "TECHNOLOGY",
        "create_At": "March 26, 2020"
      },
      "image": "business-post-1.jpg"
    },
    {
      "_id": "6188c26a9cf49ec441028de9",
      "title": "East Bengal And Kerala Blasters Have Lost Most Number Of",
      "article": "The property, complete with 30-seat screening from room, a 100-seat amphitheater and a swimming pond with sandy showe",
      "category": {
        "name": "TECHNOLOGY",
        "create_At": "March 26, 2020"
      },
      "image": "business-post-2.jpg"
    },
    {
      "_id": "6188c26a5391ef5b8c9b7d11",
      "title": "Harris Gives Fiery Response On Gun Reform: ‘Stop With The",
      "article": "The property, complete with 30-seat screening from room, a 100-seat amphitheater and a swimming pond with sandy showe",
      "category": {
        "name": "TECHNOLOGY",
        "create_At": "March 26, 2020"
      },
      "image": "business-post-3.jpg"
    },
    {
      "_id": "6188c26a9548805d25815f1c",
      "title": "Best iphone 11 and 11 pro cases for 2020: otterbox,",
      "article": "The property, complete with 30-seat screening from room, a 100-seat amphitheater and a swimming pond with sandy showe",
      "category": {
        "name": "TECHNOLOGY",
        "create_At": "March 26, 2020"
      },
      "image": "business-post-4.jpg"
    },
    {
      "_id": "6188c26a51de67d40d0836b8",
      "title": "As Young People Leave Lockdown, British Health Leaders Face A",
      "article": "The property, complete with 30-seat screening from room, a 100-seat amphitheater and a swimming pond with sandy showe",
      "category": {
        "name": "TECHNOLOGY",
        "create_At": "March 26, 2020"
      },
      "image": "business-post-5.jpg"
    },
    {
      "_id": "6188c26a09b5d6e4d6f86e6e",
      "title": "There May Be No Consoles In The Future Ea Exec Says",
      "article": "The property, complete with 30-seat screening from room, a 100-seat amphitheater and a swimming pond with sandy showe",
      "category": {
        "name": "TECHNOLOGY",
        "create_At": "March 26, 2020"
      },
      "image": "business-post-6.jpg"
    },
    {
      "_id": "6188c26a755eea274d67088d",
      "title": "There May Be No Consoles In The Future Ea Exec Says",
      "article": "The property, complete with 30-seat screening from room, a 100-seat amphitheater and a swimming pond with sandy showe",
      "category": {
        "name": "TECHNOLOGY",
        "create_At": "March 26, 2020"
      },
      "image": "business-post-1.jpg"
    },
    {
      "_id": "6188c26a601e99eb46f5e0b7",
      "title": "There May Be No Consoles In The Future Ea Exec Says",
      "article": "The property, complete with 30-seat screening from room, a 100-seat amphitheater and a swimming pond with sandy showe",
      "category": {
        "name": "TECHNOLOGY",
        "create_At": "March 26, 2020"
      },
      "image": "business-post-2.jpg"
    }
  ],
  "finance": [
    {
      "_id": "6188c26a46ef84f44b84aa37",
      "title": "There May Be No Consoles In The Future Ea Exec Says",
      "article": "The property, complete with 30-seat screening from room, a 100-seat amphitheater and a swimming pond with sandy showe",
      "category": {
        "name": "TECHNOLOGY",
        "create_At": "March 26, 2020"
      },
      "image": "finance-1.jpg"
    },
    {
      "_id": "6188c26a9cf49ec441028de9",
      "title": "There May Be No Consoles In The Future Ea Exec Says",
      "article": "The property, complete with 30-seat screening from room, a 100-seat amphitheater and a swimming pond with sandy showe",
      "category": {
        "name": "TECHNOLOGY",
        "create_At": "March 26, 2020"
      },
      "image": "finance-2.jpg"
    },
    {
      "_id": "6188c26a5391ef5b8c9b7d11",
      "title": "There May Be No Consoles In The Future Ea Exec Says",
      "article": "The property, complete with 30-seat screening from room, a 100-seat amphitheater and a swimming pond with sandy showe",
      "category": {
        "name": "TECHNOLOGY",
        "create_At": "March 26, 2020"
      },
      "image": "finance-3.jpg"
    },
    {
      "_id": "6188c26a9548805d25815f1c",
      "title": "There May Be No Consoles In The Future Ea Exec Says",
      "article": "The property, complete with 30-seat screening from room, a 100-seat amphitheater and a swimming pond with sandy showe",
      "category": {
        "name": "TECHNOLOGY",
        "create_At": "March 26, 2020"
      },
      "image": "finance-4.jpg"
    },
    {
      "_id": "6188c26a51de67d40d0836b8",
      "title": "There May Be No Consoles In The Future Ea Exec Says",
      "article": "The property, complete with 30-seat screening from room, a 100-seat amphitheater and a swimming pond with sandy showe",
      "category": {
        "name": "TECHNOLOGY",
        "create_At": "March 26, 2020"
      },
      "image": "finance-1.jpg"
    },
    {
      "_id": "6188c26a09b5d6e4d6f86e6e",
      "title": "There May Be No Consoles In The Future Ea Exec Says",
      "article": "The property, complete with 30-seat screening from room, a 100-seat amphitheater and a swimming pond with sandy showe",
      "category": {
        "name": "TECHNOLOGY",
        "create_At": "March 26, 2020"
      },
      "image": "finance-2.jpg"
    },
    {
      "_id": "6188c26a755eea274d67088d",
      "title": "There May Be No Consoles In The Future Ea Exec Says",
      "article": "The property, complete with 30-seat screening from room, a 100-seat amphitheater and a swimming pond with sandy showe",
      "category": {
        "name": "TECHNOLOGY",
        "create_At": "March 26, 2020"
      },
      "image": "finance-3.jpg"
    },
    {
      "_id": "6188c26a601e99eb46f5e0b7",
      "title": "There May Be No Consoles In The Future Ea Exec Says",
      "article": "The property, complete with 30-seat screening from room, a 100-seat amphitheater and a swimming pond with sandy showe",
      "category": {
        "name": "TECHNOLOGY",
        "create_At": "March 26, 2020"
      },
      "image": "finance-4.jpg"
    }
  ],
  "videoNews": [
    {
      "_id": "6188c26a46ef84f44b84aa37",
      "title": "There May Be No Consoles In The Future Ea Exec Says",
      "article": "The property, complete with 30-seat screening from room, a 100-seat amphitheater and a swimming pond with sandy showe",
      "category": {
        "name": "TECHNOLOGY",
        "create_At": "March 26, 2020"
      },
      "image": "video-play-thumb.jpg"
    },
    {
      "_id": "6188c26a9cf49ec441028de9",
      "title": "There May Be No Consoles In The Future Ea Exec Says",
      "article": "The property, complete with 30-seat screening from room, a 100-seat amphitheater and a swimming pond with sandy showe",
      "category": {
        "name": "TECHNOLOGY",
        "create_At": "March 26, 2020"
      },
      "image": "1.png"
    },
    {
      "_id": "6188c26a5391ef5b8c9b7d11",
      "title": "There May Be No Consoles In The Future Ea Exec Says",
      "article": "The property, complete with 30-seat screening from room, a 100-seat amphitheater and a swimming pond with sandy showe",
      "category": {
        "name": "TECHNOLOGY",
        "create_At": "March 26, 2020"
      },
      "image": "2.png"
    },
    {
      "_id": "6188c26a9548805d25815f1c",
      "title": "There May Be No Consoles In The Future Ea Exec Says",
      "article": "The property, complete with 30-seat screening from room, a 100-seat amphitheater and a swimming pond with sandy showe",
      "category": {
        "name": "TECHNOLOGY",
        "create_At": "March 26, 2020"
      },
      "image": "3.png"
    },
    {
      "_id": "6188c26a51de67d40d0836b8",
      "title": "There May Be No Consoles In The Future Ea Exec Says",
      "article": "The property, complete with 30-seat screening from room, a 100-seat amphitheater and a swimming pond with sandy showe",
      "category": {
        "name": "TECHNOLOGY",
        "create_At": "March 26, 2020"
      },
      "image": "4.png"
    },
    {
      "_id": "6188c26a09b5d6e4d6f86e6e",
      "title": "There May Be No Consoles In The Future Ea Exec Says",
      "article": "The property, complete with 30-seat screening from room, a 100-seat amphitheater and a swimming pond with sandy showe",
      "category": {
        "name": "TECHNOLOGY",
        "create_At": "March 26, 2020"
      },
      "image": "1.png"
    },
    {
      "_id": "6188c26a755eea274d67088d",
      "title": "There May Be No Consoles In The Future Ea Exec Says",
      "article": "The property, complete with 30-seat screening from room, a 100-seat amphitheater and a swimming pond with sandy showe",
      "category": {
        "name": "TECHNOLOGY",
        "create_At": "March 26, 2020"
      },
      "image": "2.png"
    },
    {
      "_id": "6188c26a601e99eb46f5e0b7",
      "title": "There May Be No Consoles In The Future Ea Exec Says",
      "article": "The property, complete with 30-seat screening from room, a 100-seat amphitheater and a swimming pond with sandy showe",
      "category": {
        "name": "TECHNOLOGY",
        "create_At": "March 26, 2020"
      },
      "image": "3.png"
    }
  ],
  "morePost": [
    {
      "_id": "6188c26a46ef84f44b84aa37",
      "title": "There May Be No Consoles In The Future Ea Exec Says",
      "article": "The property, complete with 30-seat screening from room, a 100-seat amphitheater and a swimming pond with sandy showe",
      "category": {
        "name": "TECHNOLOGY",
        "create_At": "March 26, 2020"
      },
      "image": "video-play-thumb.jpg"
    },
    {
      "_id": "6188c26a9cf49ec441028de9",
      "title": "How Unpaid Debts Sold Could End Costing You Hundreds Of",
      "article": "The property, complete with 30-seat screening from room, a 100-seat amphitheater and a swimming pond with sandy showe",
      "category": {
        "name": "TECHNOLOGY",
        "create_At": "March 26, 2020"
      },
      "image": "1.png"
    },
    {
      "_id": "6188c26a5391ef5b8c9b7d11",
      "title": "Bobby Brown Autopsy Reveals He Died From Alcohol, Cocaine And Fentanyl His Death",
      "article": "The property, complete with 30-seat screening from room, a 100-seat amphitheater and a swimming pond with sandy showe",
      "category": {
        "name": "TECHNOLOGY",
        "create_At": "March 26, 2020"
      },
      "image": "2.png"
    },
    {
      "_id": "6188c26a9548805d25815f1c",
      "title": "There May Be No Consoles In The Future Ea Exec Says",
      "article": "The property, complete with 30-seat screening from room, a 100-seat amphitheater and a swimming pond with sandy showe",
      "category": {
        "name": "TECHNOLOGY",
        "create_At": "March 26, 2020"
      },
      "image": "3.png"
    },
    {
      "_id": "6188c26a51de67d40d0836b8",
      "title": "The Purpose Is Share Strategies And…",
      "article": "The property, complete with 30-seat screening from room, a 100-seat amphitheater and a swimming pond with sandy showe",
      "category": {
        "name": "TECHNOLOGY",
        "create_At": "March 26, 2020"
      },
      "image": "4.png"
    },
    {
      "_id": "6188c26a09b5d6e4d6f86e6e",
      "title": "There May Be No Consoles In The Future Ea Exec Says",
      "article": "The property, complete with 30-seat screening from room, a 100-seat amphitheater and a swimming pond with sandy showe",
      "category": {
        "name": "TECHNOLOGY",
        "create_At": "March 26, 2020"
      },
      "image": "1.png"
    },
    {
      "_id": "6188c26a755eea274d67088d",
      "title": "There May Be No Consoles In The Future Ea Exec Says",
      "article": "The property, complete with 30-seat screening from room, a 100-seat amphitheater and a swimming pond with sandy showe",
      "category": {
        "name": "TECHNOLOGY",
        "create_At": "March 26, 2020"
      },
      "image": "2.png"
    },
    {
      "_id": "6188c26a601e99eb46f5e0b7",
      "title": "There May Be No Consoles In The Future Ea Exec Says",
      "article": "The property, complete with 30-seat screening from room, a 100-seat amphitheater and a swimming pond with sandy showe",
      "category": {
        "name": "TECHNOLOGY",
        "create_At": "March 26, 2020"
      },
      "image": "3.png"
    }
  ],
  "sports": [
    {
      "_id": "6188c26a46ef84f44b84aa37",
      "title": "There May Be No Consoles In The Future Ea Exec Says",
      "article": "The property, complete with 30-seat screening from room, a 100-seat amphitheater and a swimming pond with sandy showe",
      "category": {
        "name": "TECHNOLOGY",
        "create_At": "March 26, 2020"
      },
      "image": "post-sports-1.jpg"
    },
    {
      "_id": "6188c26a9cf49ec441028de9",
      "title": "There May Be No Consoles In The Future Ea Exec Says",
      "article": "The property, complete with 30-seat screening from room, a 100-seat amphitheater and a swimming pond with sandy showe",
      "category": {
        "name": "TECHNOLOGY",
        "create_At": "March 26, 2020"
      },
      "image": "1.png"
    },
    {
      "_id": "6188c26a5391ef5b8c9b7d11",
      "title": "There May Be No Consoles In The Future Ea Exec Says",
      "article": "The property, complete with 30-seat screening from room, a 100-seat amphitheater and a swimming pond with sandy showe",
      "category": {
        "name": "TECHNOLOGY",
        "create_At": "March 26, 2020"
      },
      "image": "2.png"
    },
    {
      "_id": "6188c26a9548805d25815f1c",
      "title": "There May Be No Consoles In The Future Ea Exec Says",
      "article": "The property, complete with 30-seat screening from room, a 100-seat amphitheater and a swimming pond with sandy showe",
      "category": {
        "name": "TECHNOLOGY",
        "create_At": "March 26, 2020"
      },
      "image": "3.png"
    },
    {
      "_id": "6188c26a51de67d40d0836b8",
      "title": "There May Be No Consoles In The Future Ea Exec Says",
      "article": "The property, complete with 30-seat screening from room, a 100-seat amphitheater and a swimming pond with sandy showe",
      "category": {
        "name": "TECHNOLOGY",
        "create_At": "March 26, 2020"
      },
      "image": "4.png"
    },
    {
      "_id": "6188c26a09b5d6e4d6f86e6e",
      "title": "There May Be No Consoles In The Future Ea Exec Says",
      "article": "The property, complete with 30-seat screening from room, a 100-seat amphitheater and a swimming pond with sandy showe",
      "category": {
        "name": "TECHNOLOGY",
        "create_At": "March 26, 2020"
      },
      "image": "1.png"
    },
    {
      "_id": "6188c26a755eea274d67088d",
      "title": "There May Be No Consoles In The Future Ea Exec Says",
      "article": "The property, complete with 30-seat screening from room, a 100-seat amphitheater and a swimming pond with sandy showe",
      "category": {
        "name": "TECHNOLOGY",
        "create_At": "March 26, 2020"
      },
      "image": "5.png"
    },
    {
      "_id": "6188c26a601e99eb46f5e0b7",
      "title": "There May Be No Consoles In The Future Ea Exec Says",
      "article": "The property, complete with 30-seat screening from room, a 100-seat amphitheater and a swimming pond with sandy showe",
      "category": {
        "name": "TECHNOLOGY",
        "create_At": "March 26, 2020"
      },
      "image": "3.png"
    }
  ],
  "otherfinance": [
    {
      "_id": "6188c26a46ef84f44b84aa37",
      "title": "There May Be No Consoles In The Future Ea Exec Says",
      "article": "The property, complete with 30-seat screening from room, a 100-seat amphitheater and a swimming pond with sandy showe",
      "category": {
        "name": "TECHNOLOGY",
        "create_At": "March 26, 2020"
      },
      "image": "finance-1.jpg"
    },
    {
      "_id": "6188c26a9cf49ec441028de9",
      "title": "Boost Your Lockdown Privacy Without Breaking The Bank With",
      "article": "The property, complete with 30-seat screening from room, a 100-seat amphitheater and a swimming pond with sandy showe",
      "category": {
        "name": "TECHNOLOGY",
        "create_At": "March 26, 2020"
      },
      "image": "finance-2.jpg"
    },
    {
      "_id": "6188c26a5391ef5b8c9b7d11",
      "title": "Keep Your Vacuum Cleaner On Track With Expert Tips",
      "article": "The property, complete with 30-seat screening from room, a 100-seat amphitheater and a swimming pond with sandy showe",
      "category": {
        "name": "TECHNOLOGY",
        "create_At": "March 26, 2020"
      },
      "image": "finance-3.jpg"
    },
    {
      "_id": "6188c26a9548805d25815f1c",
      "title": "Why It’S Easier To Succeed With Cricket Match",
      "article": "The property, complete with 30-seat screening from room, a 100-seat amphitheater and a swimming pond with sandy showe",
      "category": {
        "name": "TECHNOLOGY",
        "create_At": "March 26, 2020"
      },
      "image": "finance-1.jpg"
    },
    {
      "_id": "6188c26a51de67d40d0836b8",
      "title": "Britney Spears’ Attorney Files Petition To…s",
      "article": "The property, complete with 30-seat screening from room, a 100-seat amphitheater and a swimming pond with sandy showe",
      "category": {
        "name": "TECHNOLOGY",
        "create_At": "March 26, 2020"
      },
      "image": "finance-2.jpg"
    },
    {
      "_id": "6188c26a09b5d6e4d6f86e6e",
      "title": "Jessica Simpson Includes Heartbreaking Entry About…",
      "article": "The property, complete with 30-seat screening from room, a 100-seat amphitheater and a swimming pond with sandy showe",
      "category": {
        "name": "TECHNOLOGY",
        "create_At": "March 26, 2020"
      },
      "image": "finance-3.jpg"
    },
    {
      "_id": "6188c26a755eea274d67088d",
      "title": "Mansion Global Daily: Green Homes Are…",
      "article": "The property, complete with 30-seat screening from room, a 100-seat amphitheater and a swimming pond with sandy showe",
      "category": {
        "name": "TECHNOLOGY",
        "create_At": "March 26, 2020"
      },
      "image": "finance-1.jpg"
    },
    {
      "_id": "6188c26a601e99eb46f5e0b7",
      "title": "Miley Cyrus, Seen Here With Co-Star…",
      "article": "The property, complete with 30-seat screening from room, a 100-seat amphitheater and a swimming pond with sandy showe",
      "category": {
        "name": "TECHNOLOGY",
        "create_At": "March 26, 2020"
      },
      "image": "finance-2.jpg"
    }
  ],
  "posts":[
        {
      "_id": "61810a96f94ed7881da838db",
      "title": "Copa America: Luis Suarez From Devastated US",
      "article": " The property, complete with 30-seat screening from room, a 100-seat amphitheater and a swimming pond with sandy shower",
      "action":"trending",
      "image": "1.jpg",
      "category": {
        "name": "Technology",
        "create_At": "March 27, 2020"
      }
    },
    {
      "_id": "61810a96ed484972a85cc109",
      "title": "Luis Suarez From Devastated US",
      "article": " The property, complete with 30-seat screening from room, a 100-seat amphitheater and a swimming pond with sandy shower",
      "action":"play",
      "image": "2.jpg",
      "category": {
        "name": "Technology",
        "create_At": "March 27, 2020"
      }
    },
    {
      "_id": "61810a9659b5fc229a8c1389",
      "title": "Australia: Luis Suarez From Devastated US",
      "article": " The property, complete with 30-seat screening from room, a 100-seat amphitheater and a swimming pond with sandy shower",
      "action":"trending",
      "image": "3.jpg",
      "category": {
        "name": "Technology",
        "create_At": "March 27, 2020"
      }
    },
    {
      "_id": "61810a9688b5023a5fb07812",
      "title": "Japan: Luis Suarez From Devastated US",
      "article": "The property, complete with 30-seat screening from room, a 100-seat amphitheater and a swimming pond with sandy shower",
      "action":"play",
      "image": "4.jpg",
      "category": {
        "name": "Technology",
        "create_At": "March 27, 2020"
      }
    },
    {
      "_id": "61810a961523248bb75b0f33",
      "title": "Nepal: Luis Suarez From Devastated US",
      "article": "The property, complete with 30-seat screening from room, a 100-seat amphitheater and a swimming pond with sandy shower",
      "action":"trending",
      "image": "5.jpg",
      "category": {
        "name": "Technology",
        "create_At": "March 27, 2020"
      }
    },
    {
      "_id": "615423154810a961523248bb75b0f33",
      "title": "America: Luis Suarez From Devastated US",
      "article": "The property, complete with 30-seat screening from room, a 100-seat amphitheater and a swimming pond with sandy shower",
      "action":"trending",
      "image": "post-news-thumb-1.png",
      "category": {
        "name": "Technology",
        "create_At": "March 27, 2020"
      }
    },
    {
      "_id": "618109580a961523248bb75b0f33",
      "title": "Brazil: Luis Suarez From Devastated US",
      "article": "The property, complete with 30-seat screening from room, a 100-seat amphitheater and a swimming pond with sandy shower",
      "action":"trending",
      "image": "feature-2.jpg",
      "category": {
        "name": "Technology",
        "create_At": "March 27, 2020"
      }
    }
  ]
}
