{
    "international":[
      {
        "_id": "2q3125161810a961523248bb75bfastg0f33",
        "title": "Copa America: Luis Suarez From Devastated US",
        "article": "The property, complete with 30-seat screening from room, a 100-seat amphitheater and a swimming pond with sandy shower",
        "action":"trending",
        "image": "1.jpg",
        "category": {
          "name": "Technology",
          "create_At": "March 27, 2020"
        }
      },
      {
        "_id": "73662434342q3125161810a961523248bb75bfastg0f33",
        "title": "japan: Luis Suarez From Devastated US",
        "article": "The property, complete with 30-seat screening from room, a 100-seat amphitheater and a swimming pond with sandy shower",
        "action":"trending",
        "image": "2.jpg",
        "category": {
          "name": "Technology",
          "create_At": "March 27, 2020"
        }
      },
      {
        "_id": "2q31251652352365231810a961523248bb75bfastg0f33",
        "title": "Asutralia: Luis Suarez From Devastated US",
        "article": "The property, complete with 30-seat screening from room, a 100-seat amphitheater and a swimming pond with sandy shower",
        "action":"trending",
        "image": "3.jpg",
        "category": {
          "name": "Technology",
          "create_At": "March 27, 2020"
        }
      },
     {
        "_id": "2q3125161810a961523248b42525b75bfastg0f33",
        "title": "Germany: Luis Suarez From Devastated US",
        "article": "The property, complete with 30-seat screening from room, a 100-seat amphitheater and a swimming pond with sandy shower",
        "action":"trending",
        "image": "4.jpg",
        "category": {
          "name": "Technology",
          "create_At": "March 27, 2020"
        }
      },
      {
        "_id": "2q3125161452322810a961523248bb75bfastg0f33",
        "title": "Argentina: Luis Suarez From Devastated US",
        "article": "The property, complete with 30-seat screening from room, a 100-seat amphitheater and a swimming pond with sandy shower",
        "action":"trending",
        "image": "5.jpg",
        "category": {
          "name": "Technology",
          "create_At": "March 27, 2020"
        }
      }
  ],
  "opinionNews":[
      {
        "_id": "2q31251652521810a961523248bb75bfastg0f33",
        "title": "Brazil: Luis Suarez From Devastated US",
        "article": "The property, complete with 30-seat screening from room, a 100-seat amphitheater and a swimming pond with sandy shower",
        "action":"trending",
        "image": "1.jpg",
        "category": {
          "name": "Technology",
          "create_At": "March 27, 2020"
        }
      },
      {
        "_id": "73662434342q3125161810a961523248bb5425275bfastg0f33",
        "title": "Nepal: Luis Suarez From Devastated US",
        "article": "The property, complete with 30-seat screening from room, a 100-seat amphitheater and a swimming pond with sandy shower",
        "action":"trending",
        "image": "2.jpg",
        "category": {
          "name": "Technology",
          "create_At": "March 27, 2020"
        }
      },
      {
        "_id": "2q31251652352365231810a961523248bb75bfastg0f51515133",
        "title": "Bangladesh: Luis Suarez From Devastated US",
        "article": "The property, complete with 30-seat screening from room, a 100-seat amphitheater and a swimming pond with sandy shower",
        "action":"trending",
        "image": "3.jpg",
        "category": {
          "name": "Technology",
          "create_At": "March 27, 2020"
        }
      }
  ],
  "scienceNews":[
      {
        "_id": "2q312516525214525810a961523248bb75bfastg0f33",
        "title": "Asutralia: Luis Suarez From Devastated US",
        "article": "The property, complete with 30-seat screening from room, a 100-seat amphitheater and a swimming pond with sandy shower",
        "action":"trending",
        "image": "science-1.jpg",
        "category": {
          "name": "Technology",
          "create_At": "March 27, 2020"
        }
      },
      {
        "_id": "736624523532534342q3125161810a961523248bb5425275bfastg0f33",
        "title": "Copa America: Luis Suarez From Devastated US",
        "article": "The property, complete with 30-seat screening from room, a 100-seat amphitheater and a swimming pond with sandy shower",
        "action":"trending",
        "image": "science-2.jpg",
        "category": {
          "name": "Technology",
          "create_At": "March 27, 2020"
        }
      },
      {
        "_id": "2q3125165523322352365231810a961523248bb75bfastg0f51515133",
        "title": " Suarez From Devastated US",
        "article": "The property, complete with 30-seat screening from room, a 100-seat amphitheater and a swimming pond with sandy shower",
        "action":"trending",
        "image": "science-3.jpg",
        "category": {
          "name": "Technology",
          "create_At": "March 27, 2020"
        }
      },
      {
        "_id": "2q312516523554353252365231810a961523248bb75bfastg0f51515133",
        "title": "Luis Suarez From Devastated US",
        "article": "The property, complete with 30-seat screening from room, a 100-seat amphitheater and a swimming pond with sandy shower",
        "action":"trending",
        "image": "science-4.jpg",
        "category": {
          "name": "Technology",
          "create_At": "March 27, 2020"
        }
      }
  ]
}