{
  "data": [
    {
      "id": 1,
      "linkText": "Home",
      "child": true,
      "icon": "angle-down",
      "submenu": [
        {
          "id": 11,
          "link": "/",
          "linkText": "Home 1",
          "child": true,
          "third_menu": [
            {
              "id": 12,
              "link": "/homev1.2",
              "linkText": "Home v1.2"
            },
            {
              "id": 12,
              "link": "/homev1.3",
              "linkText": "Home v1.3"
            },
            {
              "id": 12,
              "link": "/homev1.4",
              "linkText": "Home v1.4"
            }
          ]
        },
        {
          "id": 13,
          "link": "/home-two",
          "linkText": "Home 2",
          "child": true,
          "third_menu": [
            {
              "id": 12,
              "link": "/homev2.2",
              "linkText": "Home v2.2"
            },
            {
              "id": 12,
              "link": "/homev2.3",
              "linkText": "Home v2.3"
            },
            {
              "id": 12,
              "link": "/homev2.4",
              "linkText": "Home v2.4"
            }
          ]
        },
        {
          "id": 14,
          "link": "/home-three",
          "linkText": "Home 3",
          "child": true,
          "third_menu": [
            {
              "id": 12,
              "link": "/homev3.2",
              "linkText": "Home v3.2"
            },
            {
              "id": 12,
              "link": "/homev3.3",
              "linkText": "Home v3.3"
            },
            {
              "id": 12,
              "link": "/homev3.4",
              "linkText": "Home v3.4"
            }
          ]
        },
                {
          "id": 12,
          "link": "/dark",
          "linkText": "Home Dark",
           "child": true,
            "third_menu": [
            {
              "id": 12,
             "link": "/dark-two",
              "linkText": "Dark Two"
            },
            {
              "id": 12,
              "link": "/dark-three",
              "linkText": "Dark three"
            },
            {
              "id": 12,
              "link": "/dark-four",
              "linkText": "Dark four"
            }
          ]
        }
      ]
    },
    {
      "id": 2,
      "linkText": "Pages",
      "child": true,
      "icon": "angle-down",
      "submenu": [
        {
          "id": 21,
          "link": "/about-us",
          "linkText": "About"
        },
        {
          "id": 22,
          "link": "/archive",
          "linkText": "Archive"
        },
        {
          "id": 23,
          "link": "/contact",
          "linkText": "Contact Us"
        },
        {
          "id": 24,
          "link": "/404",
          "linkText": 404
        }
      ]
    },
    {
      "id": 3,
      "linkText": "Posts",
      "child": true,
      "icon": "angle-down",
      "submenu": [
        {
          "id": 31,
          "linkText": "Post 1",
          "link":"/posts/postOne"  
        },
        {
          "id": 32,
          "linkText": "Post 2",
          "link":"/posts/posttwo"
        },
        {
          "id": 33,
          "linkText": "Post 3",
          "link":"/posts/postthree"
         
        }
      ]
    },
    {
      "id": 4,
      "linkText": "Categories",
      "child": true,
      "icon": "angle-down",
      "submenu": [
        {
          "id": 41,
          "link": "/business",
          "linkText": "Business"
        },
        {
          "id": 42,
          "link": "/entertainment",
          "linkText": "Entertainment"
        },
        {
          "id": 43,
          "link": "/features",
          "linkText": "Features"
        },
        {
          "id": 44,
          "link": "/sports",
          "linkText": "Sports"
        },
        {
          "id": 45,
          "link": "/trending",
          "linkText": "Trending"
        }
      ]
    },
    {
      "id": 5,
      "linkText": "World",
      "link": "/404",
      "child":false
    },
    {
      "id": 6,
      "linkText": "Sports",
      "link": "/sports",
      "child":false
    },
    {
      "id": 7,
      "linkText": "Contact",
      "link": "/contact",
      "child":false
    }
  ]
}
