{
  "data": [
    {
      "_id": "61810a96f94ed7881da838db",
      "title": "Copa America: Luis Suarez From Devastated US",
      "article": " The property, complete with 30-seat screening from room, a 100-seat amphitheater and a swimming pond with sandy shower",
      "action":"trending",
      "image": "post-play.jpg",
      "category": {
        "name": "Technology",
        "create_At": "March 27, 2020"
      }
    },
    {
      "_id": "61810a96ed484972a85cc109",
      "title": "Luis Suarez From Devastated US",
      "article": " The property, complete with 30-seat screening from room, a 100-seat amphitheater and a swimming pond with sandy shower",
      "action":"play",
      "image": "feature-2.jpg",
      "category": {
        "name": "Technology",
        "create_At": "March 27, 2020"
      }
    },
    {
      "_id": "61810a9659b5fc229a8c1389",
      "title": "Australia: Luis Suarez From Devastated US",
      "article": " The property, complete with 30-seat screening from room, a 100-seat amphitheater and a swimming pond with sandy shower",
      "action":"trending",
      "image": "feature-3.jpg",
      "category": {
        "name": "Technology",
        "create_At": "March 27, 2020"
      }
    },
    {
      "_id": "61810a9688b5023a5fb07812",
      "title": "Japan: Luis Suarez From Devastated US",
      "article": "The property, complete with 30-seat screening from room, a 100-seat amphitheater and a swimming pond with sandy shower",
      "action":"play",
      "image": "feature-4.jpg",
      "category": {
        "name": "Technology",
        "create_At": "March 27, 2020"
      }
    },
    {
      "_id": "61810a961523248bb75b0f33",
      "title": "Nepal: Luis Suarez From Devastated US",
      "article": "The property, complete with 30-seat screening from room, a 100-seat amphitheater and a swimming pond with sandy shower",
      "action":"trending",
      "image": "feature-2.jpg",
      "category": {
        "name": "Technology",
        "create_At": "March 27, 2020"
      }
    },
    {
      "_id": "615423154810a961523248bb75b0f33",
      "title": "America: Luis Suarez From Devastated US",
      "article": "The property, complete with 30-seat screening from room, a 100-seat amphitheater and a swimming pond with sandy shower",
      "action":"trending",
      "image": "feature-1.jpg",
      "category": {
        "name": "Technology",
        "create_At": "March 27, 2020"
      }
    },
    {
      "_id": "618109580a961523248bb75b0f33",
      "title": "Brazil: Luis Suarez From Devastated US",
      "article": "The property, complete with 30-seat screening from room, a 100-seat amphitheater and a swimming pond with sandy shower",
      "action":"trending",
      "image": "feature-2.jpg",
      "category": {
        "name": "Technology",
        "create_At": "March 27, 2020"
      }
    }
  ]
}
