{
  "datas": [
        {
            "id": "617f829b01aacce06332658b",
            "news": "Top 10 Best Movies of 2018 So Far: Great Movies To Watch now"
        },
        {
            "id": "617f829b5a7b7742d1fce268",
            "news": "Napoli win thriller to knock Leicester out of Europa League"
        },
        {
            "id": "617f829ba53efeff1f327e2a",
            "news": "Barcelona to ‘start from scratch’"
        },
        {
            "id": "617f829bbf02e5f6434ddde3",
            "news": "‘We want to defend the title’"
        },
        {
            "id": "617f829b8afc8079bb55a3cf",
            "news": "Martial wants to leave Man Utd in January, says agent"
        }
    ]
}
